[['081lT.jpg'], [129, 4, 16, 20], [100, 4, 8, 20], [69, 4, 10, 21], [40, 4, 16, 20], [10, 4, 17, 21]]
[['2tsdH.jpg']]
[['355i1.jpg'], [39, 4, 20, 22], [69, 3, 15, 22], [10, 3, 14, 21]]
[['43Mu0.jpg']]
[['5Qa2k.jpg']]
[['6r2wS.jpg'], [133, 5, 15, 18]]
[['76cHL.jpg'], [71, 9, 11, 14]]
[['7B6x6.jpg'], [98, 10, 20, 13], [130, 5, 18, 19], [14, 5, 12, 17], [69, 4, 18, 20]]
[['8O8NV.jpg'], [101, 3, 17, 20], [70, 3, 16, 21], [39, 3, 21, 20], [130, 2, 13, 22]]
[['94u74.jpg']]
[['994X3.jpg'], [130, 4, 16, 21], [100, 4, 20, 21], [70, 4, 16, 22], [41, 4, 15, 21]]
[['9A1hk.jpg'], [40, 5, 20, 20], [100, 4, 16, 20], [70, 4, 9, 20], [130, 3, 14, 21], [10, 3, 16, 21]]
[['9sJ86.jpg']]
[['a36se.jpg'], [129, 9, 16, 19], [99, 9, 15, 17], [69, 4, 15, 21], [38, 4, 17, 22]]
[['Bomn7.jpg']]
[['D82OH.jpg'], [101, 4, 21, 21], [72, 4, 14, 21], [41, 4, 15, 22], [11, 3, 19, 23]]
[['dz010.jpg']]
[['E89RN.jpg']]
[['EDx1j.jpg'], [67, 9, 20, 15], [8, 6, 18, 18], [130, 5, 13, 24], [101, 5, 13, 18], [39, 5, 17, 18]]
[['FDM00.jpg'], [42, 6, 15, 15]]
[['JZByR.jpg']]
[['lFN12.jpg'], [130, 4, 15, 20], [99, 4, 11, 20], [65, 4, 24, 21], [39, 4, 18, 20], [9, 3, 9, 23]]
[['mEGq8.jpg'], [9, 10, 24, 16], [129, 4, 17, 23]]
[['n0M3v.jpg']]
[['NBV3s.jpg'], [129, 11, 14, 16], [99, 5, 14, 22], [68, 5, 17, 22], [39, 5, 17, 21], [10, 5, 15, 21]]
[['o92b8.jpg'], [9, 11, 15, 15], [130, 5, 13, 23], [70, 4, 14, 22], [40, 4, 14, 22]]
[['p8N8s.jpg']]
[['P9R4P.jpg'], [131, 8, 12, 22]]
[['pu5WP.jpg'], [42, 12, 13, 15], [102, 7, 22, 20]]
[['R10tQ.jpg'], [130, 5, 15, 25], [69, 5, 16, 23], [39, 5, 12, 24], [9, 4, 16, 25]]
[['Rw9xt.jpg'], [41, 12, 24, 15], [12, 8, 14, 19]]
[['t630P.jpg'], [100, 7, 17, 21], [71, 7, 15, 21], [130, 6, 17, 22]]
[['ufo81.jpg'], [69, 9, 15, 19], [9, 9, 16, 19], [129, 5, 12, 24], [100, 5, 14, 23], [39, 3, 19, 25]]
[['Uk643.jpg'], [13, 17, 12, 13], [102, 15, 10, 15]]
[['Umz0R.jpg'], [37, 7, 49, 21], [11, 4, 19, 22], [96, 3, 23, 25]]
[['V53nO.jpg'], [100, 11, 14, 15], [131, 5, 19, 21], [69, 5, 14, 21], [40, 5, 13, 21], [11, 5, 17, 21]]
[['vVBb4.jpg'], [10, 10, 15, 16], [129, 5, 17, 21], [70, 5, 47, 22], [40, 5, 18, 22]]
[['w1fo6.jpg'], [99, 8, 17, 17], [10, 8, 21, 16], [40, 4, 9, 20], [130, 3, 15, 21]]
[['WB1Y1.jpg'], [130, 6, 13, 20], [40, 6, 19, 20], [70, 5, 12, 22], [100, 4, 17, 22], [9, 4, 26, 22]]
[['wg19j.jpg'], [125, 9, 13, 21], [40, 9, 19, 21], [11, 9, 21, 16], [72, 4, 12, 23]]
[['xG235.jpg'], [79, 23, 47, 7]]
[['XM2ub.jpg']]
[['Xy6b5.jpg'], [100, 9, 15, 17], [42, 9, 12, 16], [69, 4, 17, 21], [10, 4, 17, 21], [130, 3, 15, 22]]
[['Y4BCQ.jpg'], [101, 10, 19, 15], [71, 4, 17, 21], [40, 4, 15, 21], [12, 4, 19, 21]]
[['Y4m65.jpg']]
[['YiB40.jpg'], [130, 5, 14, 22], [58, 4, 33, 25], [10, 4, 18, 23], [97, 3, 20, 24], [29, 2, 30, 25]]
[['Yn3p3.jpg'], [131, 12, 13, 13], [40, 8, 14, 17], [70, 4, 15, 22], [10, 4, 17, 21]]
[['ytkUe.jpg'], [131, 9, 15, 16], [9, 9, 19, 21], [40, 6, 11, 19], [102, 5, 18, 20], [65, 3, 24, 22]]
[['yZc52.jpg'], [70, 11, 14, 15], [130, 5, 14, 23], [100, 5, 13, 21], [40, 4, 15, 22]]
[['z101F.jpg'], [11, 11, 15, 17], [69, 6, 18, 22], [43, 6, 9, 22], [130, 5, 13, 23], [103, 3, 10, 25]]
[['Z2237.jpg']]
[['z721b.jpg'], [9, 8, 16, 18], [98, 4, 12, 20], [69, 3, 27, 23], [40, 3, 17, 21], [129, 2, 17, 22]]
[['Zab39.jpg'], [96, 5, 25, 25], [69, 5, 18, 23], [123, 4, 22, 25]]
[['ZKc9S.jpg'], [58, 8, 28, 17], [5, 1, 27, 28]]
[['zV37p.jpg'], [11, 11, 12, 14], [98, 7, 15, 17]]
